{"cameraMode":{"drawMode":0,"name":"Shaded","section":"Shading Mode"},"sceneLighting":true,"audioPlay":false,"sceneViewState":{"showFog":true,"showMaterialUpdate":false,"showSkybox":false,"showFlares":true,"showImageEffects":true,"showParticleSystems":true},"in2DMode":false,"pivot":{"x":20.770000457763673,"y":-0.25,"z":-25.700000762939454},"rotation":{"x":0.15004488825798036,"y":0.4811731278896332,"z":-0.0839904397726059,"w":0.8595955967903137},"size":7.111294746398926,"orthographic":false}