{"cameraMode":{"drawMode":0,"name":"Shaded","section":"Shading Mode"},"sceneLighting":true,"audioPlay":false,"sceneViewState":{"showFog":true,"showMaterialUpdate":false,"showSkybox":true,"showFlares":true,"showImageEffects":true,"showParticleSystems":true},"in2DMode":false,"pivot":{"x":-1.5958582162857056,"y":1.0748887062072755,"z":-10.063365936279297},"rotation":{"x":0.04188292473554611,"y":-0.1401001363992691,"z":0.005931592080742121,"w":0.9892333745956421},"size":6.651978492736816,"orthographic":false}